{"cameraMode":{"drawMode":0,"name":"Shaded","section":"Shading Mode"},"sceneLighting":false,"audioPlay":false,"sceneViewState":{"showFog":true,"showMaterialUpdate":false,"showSkybox":false,"showFlares":true,"showImageEffects":true,"showParticleSystems":true,"showVisualEffectGraphs":true,"m_FxEnabled":true},"in2DMode":false,"pivot":{"x":-2.1393513679504396,"y":0.8086738586425781,"z":11.150699615478516},"rotation":{"x":-0.3298432230949402,"y":0.15257148444652558,"z":-0.054109152406454089,"w":-0.9300559759140015},"size":15.899713516235352,"orthographic":false}