{"cameraMode":{"drawMode":0,"name":"Shaded","section":"Shading Mode"},"sceneLighting":false,"audioPlay":false,"sceneViewState":{"showFog":true,"showMaterialUpdate":false,"showSkybox":false,"showFlares":true,"showImageEffects":true,"showParticleSystems":true,"showVisualEffectGraphs":true,"m_FxEnabled":true},"in2DMode":false,"pivot":{"x":2.384185791015625e-7,"y":1.1266448497772217,"z":0.12651574611663819},"rotation":{"x":-0.13192255795001985,"y":-0.005355131346732378,"z":0.0007130973972380161,"w":-0.9912511110305786},"size":2.6856462955474855,"orthographic":false}