{"cameraMode":{"drawMode":0,"name":"Shaded","section":"Shading Mode"},"sceneLighting":false,"audioPlay":false,"sceneViewState":{"showFog":true,"showMaterialUpdate":false,"showSkybox":false,"showFlares":true,"showImageEffects":true,"showParticleSystems":true,"showVisualEffectGraphs":true,"m_FxEnabled":true},"in2DMode":false,"pivot":{"x":2.292456865310669,"y":3.688737392425537,"z":0.05763530731201172},"rotation":{"x":-0.04077267646789551,"y":-0.03536615148186684,"z":0.0014440525555983186,"w":-0.9985412359237671},"size":6.822103977203369,"orthographic":false}