{"cameraMode":{"drawMode":0,"name":"Shaded","section":"Shading Mode"},"sceneLighting":false,"audioPlay":false,"sceneViewState":{"showFog":true,"showMaterialUpdate":false,"showSkybox":false,"showFlares":true,"showImageEffects":true,"showParticleSystems":true,"showVisualEffectGraphs":true,"m_FxEnabled":true},"in2DMode":false,"pivot":{"x":0.7999050617218018,"y":4.032656192779541,"z":11.962606430053711},"rotation":{"x":-0.2168571949005127,"y":-0.03162597864866257,"z":0.007029358763247728,"w":-0.9756686091423035},"size":12.449052810668946,"orthographic":false}