{"cameraMode":{"drawMode":0,"name":"Shaded","section":"Shading Mode"},"sceneLighting":false,"audioPlay":false,"sceneViewState":{"showFog":true,"showMaterialUpdate":false,"showSkybox":false,"showFlares":true,"showImageEffects":true,"showParticleSystems":true,"showVisualEffectGraphs":true,"m_FxEnabled":true},"in2DMode":false,"pivot":{"x":3.3363137245178224,"y":-5.730312824249268,"z":7.0881452560424809},"rotation":{"x":0.34041452407836916,"y":0.014103532768785954,"z":-0.005106983240693808,"w":0.9401573538780212},"size":17.165164947509767,"orthographic":false}