{"cameraMode":{"drawMode":0,"name":"Shaded","section":"Shading Mode"},"sceneLighting":false,"audioPlay":false,"sceneViewState":{"showFog":true,"showMaterialUpdate":false,"showSkybox":false,"showFlares":true,"showImageEffects":true,"showParticleSystems":true,"showVisualEffectGraphs":true,"m_FxEnabled":true},"in2DMode":false,"pivot":{"x":-0.004391193389892578,"y":1.9032559394836426,"z":-0.015549659729003907},"rotation":{"x":-0.380496621131897,"y":0.4527241289615631,"z":-0.2222389280796051,"w":-0.7751781940460205},"size":14.768284797668457,"orthographic":false}