{"cameraMode":{"drawMode":0,"name":"Shaded","section":"Shading Mode"},"sceneLighting":false,"audioPlay":false,"sceneViewState":{"showFog":true,"showMaterialUpdate":false,"showSkybox":false,"showFlares":true,"showImageEffects":true,"showParticleSystems":true,"showVisualEffectGraphs":true,"m_FxEnabled":true},"in2DMode":false,"pivot":{"x":-0.36524632573127749,"y":6.239173889160156,"z":3.4311084747314455},"rotation":{"x":-0.25572630763053896,"y":0.00927715003490448,"z":-0.0024581009056419136,"w":-0.966708779335022},"size":8.952483177185059,"orthographic":false}