{"cameraMode":{"drawMode":0,"name":"Shaded","section":"Shading Mode"},"sceneLighting":false,"audioPlay":false,"sceneViewState":{"showFog":true,"showMaterialUpdate":false,"showSkybox":false,"showFlares":true,"showImageEffects":true,"showParticleSystems":true,"showVisualEffectGraphs":true,"m_FxEnabled":true},"in2DMode":false,"pivot":{"x":0.6145927906036377,"y":3.0070276260375978,"z":2.232224464416504},"rotation":{"x":0.000967679894529283,"y":0.997882068157196,"z":-0.06325988471508026,"w":0.015269721858203411},"size":15.907299041748047,"orthographic":false}