{"cameraMode":{"drawMode":0,"name":"Shaded","section":"Shading Mode"},"sceneLighting":true,"audioPlay":false,"sceneViewState":{"showFog":true,"showMaterialUpdate":false,"showSkybox":true,"showFlares":true,"showImageEffects":true,"showParticleSystems":true,"showVisualEffectGraphs":true,"m_FxEnabled":true},"in2DMode":false,"pivot":{"x":-0.40753260254859927,"y":0.9573845863342285,"z":0.15361428260803224},"rotation":{"x":-0.02598281390964985,"y":-0.4315449893474579,"z":0.012436009012162686,"w":-0.9016320705413818},"size":2.6981327533721926,"orthographic":false}