{"cameraMode":{"drawMode":0,"name":"Shaded","section":"Shading Mode"},"sceneLighting":false,"audioPlay":false,"sceneViewState":{"showFog":true,"showMaterialUpdate":false,"showSkybox":false,"showFlares":true,"showImageEffects":true,"showParticleSystems":true,"showVisualEffectGraphs":true,"m_FxEnabled":true},"in2DMode":false,"pivot":{"x":-0.6098108291625977,"y":0.23828554153442384,"z":4.524785041809082},"rotation":{"x":-0.3298432230949402,"y":0.15257148444652558,"z":-0.054109152406454089,"w":-0.9300559759140015},"size":10.193387031555176,"orthographic":false}