{"cameraMode":{"drawMode":0,"name":"Shaded","section":"Shading Mode"},"sceneLighting":false,"audioPlay":false,"sceneViewState":{"showFog":true,"showMaterialUpdate":false,"showSkybox":false,"showFlares":true,"showImageEffects":true,"showParticleSystems":true,"showVisualEffectGraphs":true,"m_FxEnabled":true},"in2DMode":false,"pivot":{"x":0.9113609790802002,"y":0.33880889415740969,"z":-0.23789405822753907},"rotation":{"x":-0.06708551943302155,"y":-0.8317968249320984,"z":0.10309179127216339,"w":-0.5412814617156982},"size":13.514302253723145,"orthographic":false}