{"cameraMode":{"drawMode":0,"name":"Shaded","section":"Shading Mode"},"sceneLighting":false,"audioPlay":false,"sceneViewState":{"showFog":true,"showMaterialUpdate":false,"showSkybox":false,"showFlares":true,"showImageEffects":true,"showParticleSystems":true,"showVisualEffectGraphs":true,"m_FxEnabled":true},"in2DMode":false,"pivot":{"x":0.006771564483642578,"y":0.8360529541969299,"z":5.159999847412109},"rotation":{"x":-0.3298432230949402,"y":0.15257148444652558,"z":-0.054109152406454089,"w":-0.9300559759140015},"size":4.493651390075684,"orthographic":false}