{"cameraMode":{"drawMode":0,"name":"Shaded","section":"Shading Mode"},"sceneLighting":true,"audioPlay":false,"sceneViewState":{"showFog":true,"showMaterialUpdate":false,"showSkybox":true,"showFlares":true,"showImageEffects":true,"showParticleSystems":true,"showVisualEffectGraphs":true,"m_FxEnabled":true},"in2DMode":false,"pivot":{"x":2.0104963779449465,"y":15.620780944824219,"z":51.59642028808594},"rotation":{"x":-0.013428566046059132,"y":-0.0949530228972435,"z":-0.0012804251164197922,"w":0.9953975081443787},"size":16.647314071655275,"orthographic":false}