{"cameraMode":{"drawMode":0,"name":"Shaded","section":"Shading Mode"},"sceneLighting":false,"audioPlay":false,"sceneViewState":{"showFog":true,"showMaterialUpdate":false,"showSkybox":false,"showFlares":true,"showImageEffects":true,"showParticleSystems":true,"showVisualEffectGraphs":true,"m_FxEnabled":true},"in2DMode":false,"pivot":{"x":0.8955488204956055,"y":-2.3799915313720705,"z":-3.0510330200195314},"rotation":{"x":-0.3298432230949402,"y":0.15257148444652558,"z":-0.054109152406454089,"w":-0.9300559759140015},"size":13.292585372924805,"orthographic":false}