{"cameraMode":{"drawMode":0,"name":"Shaded","section":"Shading Mode"},"sceneLighting":false,"audioPlay":false,"sceneViewState":{"showFog":true,"showMaterialUpdate":false,"showSkybox":false,"showFlares":true,"showImageEffects":true,"showParticleSystems":true,"showVisualEffectGraphs":true,"m_FxEnabled":true},"in2DMode":false,"pivot":{"x":0.7700702548027039,"y":-0.17161785066127778,"z":1.3865448236465455},"rotation":{"x":0.0913226380944252,"y":0.036134615540504459,"z":-0.003314743982627988,"w":0.9951664209365845},"size":3.7542693614959719,"orthographic":false}