{"cameraMode":{"drawMode":0,"name":"Shaded","section":"Shading Mode"},"sceneLighting":false,"audioPlay":false,"sceneViewState":{"showFog":true,"showMaterialUpdate":false,"showSkybox":false,"showFlares":true,"showImageEffects":true,"showParticleSystems":true,"showVisualEffectGraphs":true,"m_FxEnabled":true},"in2DMode":false,"pivot":{"x":0.01771831512451172,"y":1.0344016551971436,"z":0.8023524880409241},"rotation":{"x":-0.13192255795001985,"y":-0.005355131346732378,"z":0.0007130973972380161,"w":-0.9912511110305786},"size":4.29976749420166,"orthographic":false}